{
  "candidate_features": [
    "amount_sum_24h",
    "amount_vs_mean_ratio"
  ],
  "baseline": {
    "auc": 0.8207139585422936,
    "recall": 0.7066666666666667,
    "n_fraud": 600,
    "n_false_negatives": 176,
    "false_negative_row_indices": [
      131330,
      310077,
      576542,
      363512,
      191184,
      433332,
      101815,
      291871,
      517096,
      315073,
      52592,
      33919,
      816408,
      579632,
      705676,
      915701,
      165879,
      214019,
      884009,
      904452,
      318102,
      88850,
      742010,
      880041,
      999414,
      438312,
      885900,
      879214,
      122804,
      116453,
      329453,
      835831,
      471104,
      107693,
      718009,
      296851,
      887594,
      423177,
      66153,
      898721,
      47362,
      262183,
      805576,
      384385,
      371863,
      357111,
      971884,
      959588,
      662821,
      141073,
      513271,
      312076,
      91683,
      807431,
      665404,
      808860,
      507295,
      580751,
      613546,
      632140,
      768834,
      111953,
      650946,
      292742,
      95408,
      97203,
      833845,
      539235,
      318066,
      976317,
      126106,
      738268,
      281444,
      511133,
      167532,
      570399,
      270316,
      34446,
      586424,
      6135,
      42906,
      947931,
      870179,
      915813,
      376251,
      167309,
      56210,
      381147,
      394504,
      175936,
      695819,
      527946,
      108730,
      757008,
      811561,
      436296,
      898133,
      840641,
      240877,
      559236,
      244308,
      891463,
      774210,
      310646,
      437609,
      791178,
      688191,
      662769,
      479702,
      170918,
      871976,
      885104,
      161803,
      812332,
      383814,
      929606,
      164264,
      30901,
      745456,
      49300,
      719540,
      166363,
      963586,
      630793,
      498841,
      496207,
      405548,
      437716,
      867836,
      119574,
      434347,
      861617,
      563917,
      613771,
      242362,
      560762,
      850819,
      120803,
      1167,
      125591,
      185616,
      53494,
      922649,
      869814,
      597685,
      977684,
      207367,
      472474,
      415272,
      450247,
      101251,
      840348,
      682812,
      235859,
      732215,
      880606,
      310381,
      984616,
      839114,
      182,
      506270,
      619668,
      529963,
      622206,
      61462,
      466647,
      48225,
      254800,
      965540,
      897287,
      762055,
      788425,
      716625,
      749778,
      38742,
      799440
    ]
  },
  "augmented": {
    "auc": 0.9506141925777333,
    "recall": 0.745,
    "n_fraud": 600,
    "n_false_negatives": 153,
    "false_negative_row_indices": [
      131330,
      517806,
      310077,
      576542,
      269209,
      191184,
      433332,
      101815,
      291871,
      517096,
      315073,
      52592,
      815823,
      242994,
      33919,
      408675,
      326576,
      579632,
      658296,
      705676,
      915701,
      904452,
      318102,
      88850,
      863276,
      742010,
      590793,
      880041,
      678738,
      999414,
      604686,
      885900,
      420915,
      122804,
      951123,
      703140,
      471104,
      296851,
      887594,
      632514,
      66153,
      898721,
      805576,
      371863,
      971884,
      959588,
      152038,
      312076,
      80388,
      665404,
      580751,
      30995,
      381950,
      369676,
      19109,
      731106,
      95408,
      904271,
      318066,
      458443,
      66483,
      976317,
      390623,
      738268,
      281444,
      629977,
      167532,
      270316,
      34446,
      586424,
      42906,
      903214,
      271434,
      915813,
      104957,
      376251,
      56210,
      381147,
      98814,
      148326,
      175936,
      699535,
      695819,
      349334,
      757008,
      811561,
      840641,
      471602,
      283502,
      891463,
      774210,
      310646,
      220811,
      791178,
      662769,
      713181,
      479702,
      871976,
      66886,
      885104,
      161803,
      164264,
      745456,
      930675,
      16851,
      649209,
      630793,
      119574,
      112525,
      434347,
      344680,
      737034,
      948202,
      414718,
      976576,
      101329,
      850819,
      543839,
      805939,
      120803,
      316218,
      185616,
      53494,
      922649,
      869814,
      597685,
      977684,
      599912,
      472474,
      422810,
      682812,
      235859,
      357372,
      310381,
      984616,
      182,
      506270,
      581420,
      619668,
      601220,
      160036,
      61462,
      494264,
      258144,
      106033,
      254800,
      380267,
      897287,
      788425,
      619282,
      749778,
      38742,
      450177
    ]
  },
  "auc_delta": 0.1299002340354397,
  "recall_delta": 0.03833333333333333,
  "n_newly_caught": 87,
  "n_newly_missed": 64,
  "verdict": "IMPROVED"
}